Pcarga,Vp,Vfuente,n
0.1369,1.48,11.92,9.751587934800533
0.4096,2.56,11.92,16.86761156289822
1.3456,4.64,11.92,30.572545957753018
3.3124,7.28,11.92,47.96727038199181
3.9204,7.92,11.92,52.184173272716365
6.7600,10.4,11.92,68.52467197427401
11.2225,13.4,30.03,35.04607189319283
38.4400,24.8,29.93,65.07809706734619
43.5600,26.4,29.89,69.36939281931292
